locationId,location,city,country,utc,local,parameter,value,unit,latitude,longitude
8118,US Diplomatic Post: New Delhi,Delhi,IN,2023-03-01T23:30:00+00:00,2023-03-02T05:00:00+05:30,pm25,130,µg/m³,28.63576,77.22445
8118,US Diplomatic Post: New Delhi,Delhi,IN,2023-03-01T22:30:00+00:00,2023-03-02T04:00:00+05:30,pm25,140,µg/m³,28.63576,77.22445
8118,US Diplomatic Post: New Delhi,Delhi,IN,2023-03-01T21:30:00+00:00,2023-03-02T03:00:00+05:30,pm25,140,µg/m³,28.63576,77.22445
8118,US Diplomatic Post: New Delhi,Delhi,IN,2023-03-01T20:30:00+00:00,2023-03-02T02:00:00+05:30,pm25,143,µg/m³,28.63576,77.22445
8118,US Diplomatic Post: New Delhi,Delhi,IN,2023-03-01T19:30:00+00:00,2023-03-02T01:00:00+05:30,pm25,116,µg/m³,28.63576,77.22445
8118,US Diplomatic Post: New Delhi,Delhi,IN,2023-03-01T18:30:00+00:00,2023-03-02T00:00:00+05:30,pm25,112,µg/m³,28.63576,77.22445
8118,US Diplomatic Post: New Delhi,Delhi,IN,2023-03-01T17:30:00+00:00,2023-03-01T23:00:00+05:30,pm25,145,µg/m³,28.63576,77.22445
8118,US Diplomatic Post: New Delhi,Delhi,IN,2023-03-01T16:30:00+00:00,2023-03-01T22:00:00+05:30,pm25,82,µg/m³,28.63576,77.22445
8118,US Diplomatic Post: New Delhi,Delhi,IN,2023-03-01T15:30:00+00:00,2023-03-01T21:00:00+05:30,pm25,71,µg/m³,28.63576,77.22445
8118,US Diplomatic Post: New Delhi,Delhi,IN,2023-03-01T14:30:00+00:00,2023-03-01T20:00:00+05:30,pm25,77,µg/m³,28.63576,77.22445
8118,US Diplomatic Post: New Delhi,Delhi,IN,2023-03-01T13:30:00+00:00,2023-03-01T19:00:00+05:30,pm25,52,µg/m³,28.63576,77.22445
8118,US Diplomatic Post: New Delhi,Delhi,IN,2023-03-01T12:30:00+00:00,2023-03-01T18:00:00+05:30,pm25,52,µg/m³,28.63576,77.22445
8118,US Diplomatic Post: New Delhi,Delhi,IN,2023-03-01T11:30:00+00:00,2023-03-01T17:00:00+05:30,pm25,55,µg/m³,28.63576,77.22445
8118,US Diplomatic Post: New Delhi,Delhi,IN,2023-03-01T10:30:00+00:00,2023-03-01T16:00:00+05:30,pm25,51,µg/m³,28.63576,77.22445
8118,US Diplomatic Post: New Delhi,Delhi,IN,2023-03-01T09:30:00+00:00,2023-03-01T15:00:00+05:30,pm25,60,µg/m³,28.63576,77.22445
8118,US Diplomatic Post: New Delhi,Delhi,IN,2023-03-01T08:30:00+00:00,2023-03-01T14:00:00+05:30,pm25,61,µg/m³,28.63576,77.22445
8118,US Diplomatic Post: New Delhi,Delhi,IN,2023-03-01T07:30:00+00:00,2023-03-01T13:00:00+05:30,pm25,53,µg/m³,28.63576,77.22445
8118,US Diplomatic Post: New Delhi,Delhi,IN,2023-03-01T06:30:00+00:00,2023-03-01T12:00:00+05:30,pm25,47,µg/m³,28.63576,77.22445
8118,US Diplomatic Post: New Delhi,Delhi,IN,2023-03-01T05:30:00+00:00,2023-03-01T11:00:00+05:30,pm25,68,µg/m³,28.63576,77.22445
8118,US Diplomatic Post: New Delhi,Delhi,IN,2023-03-01T04:30:00+00:00,2023-03-01T10:00:00+05:30,pm25,61,µg/m³,28.63576,77.22445
8118,US Diplomatic Post: New Delhi,Delhi,IN,2023-03-01T03:30:00+00:00,2023-03-01T09:00:00+05:30,pm25,43,µg/m³,28.63576,77.22445
8118,US Diplomatic Post: New Delhi,Delhi,IN,2023-03-01T02:30:00+00:00,2023-03-01T08:00:00+05:30,pm25,52,µg/m³,28.63576,77.22445
8118,US Diplomatic Post: New Delhi,Delhi,IN,2023-03-01T01:30:00+00:00,2023-03-01T07:00:00+05:30,pm25,64,µg/m³,28.63576,77.22445
8118,US Diplomatic Post: New Delhi,Delhi,IN,2023-03-01T00:30:00+00:00,2023-03-01T06:00:00+05:30,pm25,52,µg/m³,28.63576,77.22445
8118,US Diplomatic Post: New Delhi,Delhi,IN,2023-02-28T23:30:00+00:00,2023-03-01T05:00:00+05:30,pm25,61,µg/m³,28.63576,77.22445
8118,US Diplomatic Post: New Delhi,Delhi,IN,2023-02-28T22:30:00+00:00,2023-03-01T04:00:00+05:30,pm25,91,µg/m³,28.63576,77.22445
8118,US Diplomatic Post: New Delhi,Delhi,IN,2023-02-28T21:30:00+00:00,2023-03-01T03:00:00+05:30,pm25,64,µg/m³,28.63576,77.22445
8118,US Diplomatic Post: New Delhi,Delhi,IN,2023-02-28T20:30:00+00:00,2023-03-01T02:00:00+05:30,pm25,66,µg/m³,28.63576,77.22445
8118,US Diplomatic Post: New Delhi,Delhi,IN,2023-02-28T19:30:00+00:00,2023-03-01T01:00:00+05:30,pm25,77,µg/m³,28.63576,77.22445
8118,US Diplomatic Post: New Delhi,Delhi,IN,2023-02-28T18:30:00+00:00,2023-03-01T00:00:00+05:30,pm25,59,µg/m³,28.63576,77.22445
8118,US Diplomatic Post: New Delhi,Delhi,IN,2023-02-28T17:30:00+00:00,2023-02-28T23:00:00+05:30,pm25,53,µg/m³,28.63576,77.22445
8118,US Diplomatic Post: New Delhi,Delhi,IN,2023-02-28T16:30:00+00:00,2023-02-28T22:00:00+05:30,pm25,117,µg/m³,28.63576,77.22445
8118,US Diplomatic Post: New Delhi,Delhi,IN,2023-02-28T15:30:00+00:00,2023-02-28T21:00:00+05:30,pm25,68,µg/m³,28.63576,77.22445
8118,US Diplomatic Post: New Delhi,Delhi,IN,2023-02-28T14:30:00+00:00,2023-02-28T20:00:00+05:30,pm25,43,µg/m³,28.63576,77.22445
8118,US Diplomatic Post: New Delhi,Delhi,IN,2023-02-28T13:30:00+00:00,2023-02-28T19:00:00+05:30,pm25,86,µg/m³,28.63576,77.22445
8118,US Diplomatic Post: New Delhi,Delhi,IN,2023-02-28T12:30:00+00:00,2023-02-28T18:00:00+05:30,pm25,82,µg/m³,28.63576,77.22445
8118,US Diplomatic Post: New Delhi,Delhi,IN,2023-02-28T11:30:00+00:00,2023-02-28T17:00:00+05:30,pm25,62,µg/m³,28.63576,77.22445
8118,US Diplomatic Post: New Delhi,Delhi,IN,2023-02-28T10:30:00+00:00,2023-02-28T16:00:00+05:30,pm25,59,µg/m³,28.63576,77.22445
8118,US Diplomatic Post: New Delhi,Delhi,IN,2023-02-28T09:30:00+00:00,2023-02-28T15:00:00+05:30,pm25,57,µg/m³,28.63576,77.22445
8118,US Diplomatic Post: New Delhi,Delhi,IN,2023-02-28T08:30:00+00:00,2023-02-28T14:00:00+05:30,pm25,68,µg/m³,28.63576,77.22445
8118,US Diplomatic Post: New Delhi,Delhi,IN,2023-02-28T07:30:00+00:00,2023-02-28T13:00:00+05:30,pm25,68,µg/m³,28.63576,77.22445
8118,US Diplomatic Post: New Delhi,Delhi,IN,2023-02-28T06:30:00+00:00,2023-02-28T12:00:00+05:30,pm25,53,µg/m³,28.63576,77.22445
8118,US Diplomatic Post: New Delhi,Delhi,IN,2023-02-28T05:30:00+00:00,2023-02-28T11:00:00+05:30,pm25,78,µg/m³,28.63576,77.22445
8118,US Diplomatic Post: New Delhi,Delhi,IN,2023-02-28T04:30:00+00:00,2023-02-28T10:00:00+05:30,pm25,105,µg/m³,28.63576,77.22445
8118,US Diplomatic Post: New Delhi,Delhi,IN,2023-02-28T03:30:00+00:00,2023-02-28T09:00:00+05:30,pm25,124,µg/m³,28.63576,77.22445
8118,US Diplomatic Post: New Delhi,Delhi,IN,2023-02-28T02:30:00+00:00,2023-02-28T08:00:00+05:30,pm25,147,µg/m³,28.63576,77.22445
8118,US Diplomatic Post: New Delhi,Delhi,IN,2023-02-28T01:30:00+00:00,2023-02-28T07:00:00+05:30,pm25,105,µg/m³,28.63576,77.22445
8118,US Diplomatic Post: New Delhi,Delhi,IN,2023-02-28T00:30:00+00:00,2023-02-28T06:00:00+05:30,pm25,99,µg/m³,28.63576,77.22445
8118,US Diplomatic Post: New Delhi,Delhi,IN,2023-02-27T23:30:00+00:00,2023-02-28T05:00:00+05:30,pm25,93,µg/m³,28.63576,77.22445
8118,US Diplomatic Post: New Delhi,Delhi,IN,2023-02-27T22:30:00+00:00,2023-02-28T04:00:00+05:30,pm25,85,µg/m³,28.63576,77.22445
8118,US Diplomatic Post: New Delhi,Delhi,IN,2023-02-27T21:30:00+00:00,2023-02-28T03:00:00+05:30,pm25,83,µg/m³,28.63576,77.22445
8118,US Diplomatic Post: New Delhi,Delhi,IN,2023-02-27T20:30:00+00:00,2023-02-28T02:00:00+05:30,pm25,87,µg/m³,28.63576,77.22445
8118,US Diplomatic Post: New Delhi,Delhi,IN,2023-02-27T19:30:00+00:00,2023-02-28T01:00:00+05:30,pm25,84,µg/m³,28.63576,77.22445
8118,US Diplomatic Post: New Delhi,Delhi,IN,2023-02-27T18:30:00+00:00,2023-02-28T00:00:00+05:30,pm25,85,µg/m³,28.63576,77.22445
8118,US Diplomatic Post: New Delhi,Delhi,IN,2023-02-27T17:30:00+00:00,2023-02-27T23:00:00+05:30,pm25,95,µg/m³,28.63576,77.22445
8118,US Diplomatic Post: New Delhi,Delhi,IN,2023-02-27T16:30:00+00:00,2023-02-27T22:00:00+05:30,pm25,96,µg/m³,28.63576,77.22445
8118,US Diplomatic Post: New Delhi,Delhi,IN,2023-02-27T15:30:00+00:00,2023-02-27T21:00:00+05:30,pm25,110,µg/m³,28.63576,77.22445
8118,US Diplomatic Post: New Delhi,Delhi,IN,2023-02-27T14:30:00+00:00,2023-02-27T20:00:00+05:30,pm25,64,µg/m³,28.63576,77.22445
8118,US Diplomatic Post: New Delhi,Delhi,IN,2023-02-27T13:30:00+00:00,2023-02-27T19:00:00+05:30,pm25,52,µg/m³,28.63576,77.22445
8118,US Diplomatic Post: New Delhi,Delhi,IN,2023-02-27T12:30:00+00:00,2023-02-27T18:00:00+05:30,pm25,48,µg/m³,28.63576,77.22445
8118,US Diplomatic Post: New Delhi,Delhi,IN,2023-02-27T11:30:00+00:00,2023-02-27T17:00:00+05:30,pm25,61,µg/m³,28.63576,77.22445
8118,US Diplomatic Post: New Delhi,Delhi,IN,2023-02-27T10:30:00+00:00,2023-02-27T16:00:00+05:30,pm25,62,µg/m³,28.63576,77.22445
8118,US Diplomatic Post: New Delhi,Delhi,IN,2023-02-27T09:30:00+00:00,2023-02-27T15:00:00+05:30,pm25,63,µg/m³,28.63576,77.22445
8118,US Diplomatic Post: New Delhi,Delhi,IN,2023-02-27T08:30:00+00:00,2023-02-27T14:00:00+05:30,pm25,64,µg/m³,28.63576,77.22445
8118,US Diplomatic Post: New Delhi,Delhi,IN,2023-02-27T07:30:00+00:00,2023-02-27T13:00:00+05:30,pm25,78,µg/m³,28.63576,77.22445
8118,US Diplomatic Post: New Delhi,Delhi,IN,2023-02-27T06:30:00+00:00,2023-02-27T12:00:00+05:30,pm25,95,µg/m³,28.63576,77.22445
8118,US Diplomatic Post: New Delhi,Delhi,IN,2023-02-27T05:30:00+00:00,2023-02-27T11:00:00+05:30,pm25,109,µg/m³,28.63576,77.22445
8118,US Diplomatic Post: New Delhi,Delhi,IN,2023-02-27T04:30:00+00:00,2023-02-27T10:00:00+05:30,pm25,155,µg/m³,28.63576,77.22445
8118,US Diplomatic Post: New Delhi,Delhi,IN,2023-02-27T03:30:00+00:00,2023-02-27T09:00:00+05:30,pm25,183,µg/m³,28.63576,77.22445
8118,US Diplomatic Post: New Delhi,Delhi,IN,2023-02-27T02:30:00+00:00,2023-02-27T08:00:00+05:30,pm25,158,µg/m³,28.63576,77.22445
8118,US Diplomatic Post: New Delhi,Delhi,IN,2023-02-27T01:30:00+00:00,2023-02-27T07:00:00+05:30,pm25,138,µg/m³,28.63576,77.22445
8118,US Diplomatic Post: New Delhi,Delhi,IN,2023-02-27T00:30:00+00:00,2023-02-27T06:00:00+05:30,pm25,132,µg/m³,28.63576,77.22445
8118,US Diplomatic Post: New Delhi,Delhi,IN,2023-02-26T23:30:00+00:00,2023-02-27T05:00:00+05:30,pm25,124,µg/m³,28.63576,77.22445
8118,US Diplomatic Post: New Delhi,Delhi,IN,2023-02-26T22:30:00+00:00,2023-02-27T04:00:00+05:30,pm25,127,µg/m³,28.63576,77.22445
8118,US Diplomatic Post: New Delhi,Delhi,IN,2023-02-26T21:30:00+00:00,2023-02-27T03:00:00+05:30,pm25,131,µg/m³,28.63576,77.22445
8118,US Diplomatic Post: New Delhi,Delhi,IN,2023-02-26T20:30:00+00:00,2023-02-27T02:00:00+05:30,pm25,140,µg/m³,28.63576,77.22445
8118,US Diplomatic Post: New Delhi,Delhi,IN,2023-02-26T19:30:00+00:00,2023-02-27T01:00:00+05:30,pm25,132,µg/m³,28.63576,77.22445
8118,US Diplomatic Post: New Delhi,Delhi,IN,2023-02-26T18:30:00+00:00,2023-02-27T00:00:00+05:30,pm25,144,µg/m³,28.63576,77.22445
8118,US Diplomatic Post: New Delhi,Delhi,IN,2023-02-26T17:30:00+00:00,2023-02-26T23:00:00+05:30,pm25,110,µg/m³,28.63576,77.22445
8118,US Diplomatic Post: New Delhi,Delhi,IN,2023-02-26T16:30:00+00:00,2023-02-26T22:00:00+05:30,pm25,122,µg/m³,28.63576,77.22445
8118,US Diplomatic Post: New Delhi,Delhi,IN,2023-02-26T15:30:00+00:00,2023-02-26T21:00:00+05:30,pm25,117,µg/m³,28.63576,77.22445
8118,US Diplomatic Post: New Delhi,Delhi,IN,2023-02-26T14:30:00+00:00,2023-02-26T20:00:00+05:30,pm25,67,µg/m³,28.63576,77.22445
8118,US Diplomatic Post: New Delhi,Delhi,IN,2023-02-26T13:30:00+00:00,2023-02-26T19:00:00+05:30,pm25,57,µg/m³,28.63576,77.22445
8118,US Diplomatic Post: New Delhi,Delhi,IN,2023-02-26T12:30:00+00:00,2023-02-26T18:00:00+05:30,pm25,54,µg/m³,28.63576,77.22445
8118,US Diplomatic Post: New Delhi,Delhi,IN,2023-02-26T11:30:00+00:00,2023-02-26T17:00:00+05:30,pm25,68,µg/m³,28.63576,77.22445
8118,US Diplomatic Post: New Delhi,Delhi,IN,2023-02-26T10:30:00+00:00,2023-02-26T16:00:00+05:30,pm25,63,µg/m³,28.63576,77.22445
8118,US Diplomatic Post: New Delhi,Delhi,IN,2023-02-26T09:30:00+00:00,2023-02-26T15:00:00+05:30,pm25,63,µg/m³,28.63576,77.22445
8118,US Diplomatic Post: New Delhi,Delhi,IN,2023-02-26T08:30:00+00:00,2023-02-26T14:00:00+05:30,pm25,57,µg/m³,28.63576,77.22445
8118,US Diplomatic Post: New Delhi,Delhi,IN,2023-02-26T07:30:00+00:00,2023-02-26T13:00:00+05:30,pm25,78,µg/m³,28.63576,77.22445
8118,US Diplomatic Post: New Delhi,Delhi,IN,2023-02-26T06:30:00+00:00,2023-02-26T12:00:00+05:30,pm25,112,µg/m³,28.63576,77.22445
8118,US Diplomatic Post: New Delhi,Delhi,IN,2023-02-26T05:30:00+00:00,2023-02-26T11:00:00+05:30,pm25,150,µg/m³,28.63576,77.22445
8118,US Diplomatic Post: New Delhi,Delhi,IN,2023-02-26T04:30:00+00:00,2023-02-26T10:00:00+05:30,pm25,189,µg/m³,28.63576,77.22445
8118,US Diplomatic Post: New Delhi,Delhi,IN,2023-02-26T03:30:00+00:00,2023-02-26T09:00:00+05:30,pm25,217,µg/m³,28.63576,77.22445
8118,US Diplomatic Post: New Delhi,Delhi,IN,2023-02-26T02:30:00+00:00,2023-02-26T08:00:00+05:30,pm25,220,µg/m³,28.63576,77.22445
8118,US Diplomatic Post: New Delhi,Delhi,IN,2023-02-26T01:30:00+00:00,2023-02-26T07:00:00+05:30,pm25,203,µg/m³,28.63576,77.22445
8118,US Diplomatic Post: New Delhi,Delhi,IN,2023-02-26T00:30:00+00:00,2023-02-26T06:00:00+05:30,pm25,180,µg/m³,28.63576,77.22445
8118,US Diplomatic Post: New Delhi,Delhi,IN,2023-02-25T23:30:00+00:00,2023-02-26T05:00:00+05:30,pm25,149,µg/m³,28.63576,77.22445
8118,US Diplomatic Post: New Delhi,Delhi,IN,2023-02-25T22:30:00+00:00,2023-02-26T04:00:00+05:30,pm25,147,µg/m³,28.63576,77.22445
8118,US Diplomatic Post: New Delhi,Delhi,IN,2023-02-25T21:30:00+00:00,2023-02-26T03:00:00+05:30,pm25,157,µg/m³,28.63576,77.22445
8118,US Diplomatic Post: New Delhi,Delhi,IN,2023-02-25T20:30:00+00:00,2023-02-26T02:00:00+05:30,pm25,155,µg/m³,28.63576,77.22445
8118,US Diplomatic Post: New Delhi,Delhi,IN,2023-02-25T19:30:00+00:00,2023-02-26T01:00:00+05:30,pm25,134,µg/m³,28.63576,77.22445
8118,US Diplomatic Post: New Delhi,Delhi,IN,2023-02-25T18:30:00+00:00,2023-02-26T00:00:00+05:30,pm25,124,µg/m³,28.63576,77.22445
8118,US Diplomatic Post: New Delhi,Delhi,IN,2023-02-25T17:30:00+00:00,2023-02-25T23:00:00+05:30,pm25,120,µg/m³,28.63576,77.22445
8118,US Diplomatic Post: New Delhi,Delhi,IN,2023-02-25T16:30:00+00:00,2023-02-25T22:00:00+05:30,pm25,135,µg/m³,28.63576,77.22445
8118,US Diplomatic Post: New Delhi,Delhi,IN,2023-02-25T15:30:00+00:00,2023-02-25T21:00:00+05:30,pm25,107,µg/m³,28.63576,77.22445
8118,US Diplomatic Post: New Delhi,Delhi,IN,2023-02-25T14:30:00+00:00,2023-02-25T20:00:00+05:30,pm25,89,µg/m³,28.63576,77.22445
8118,US Diplomatic Post: New Delhi,Delhi,IN,2023-02-25T13:30:00+00:00,2023-02-25T19:00:00+05:30,pm25,85,µg/m³,28.63576,77.22445
8118,US Diplomatic Post: New Delhi,Delhi,IN,2023-02-25T12:30:00+00:00,2023-02-25T18:00:00+05:30,pm25,71,µg/m³,28.63576,77.22445
8118,US Diplomatic Post: New Delhi,Delhi,IN,2023-02-25T11:30:00+00:00,2023-02-25T17:00:00+05:30,pm25,54,µg/m³,28.63576,77.22445
8118,US Diplomatic Post: New Delhi,Delhi,IN,2023-02-25T10:30:00+00:00,2023-02-25T16:00:00+05:30,pm25,58,µg/m³,28.63576,77.22445
8118,US Diplomatic Post: New Delhi,Delhi,IN,2023-02-25T09:30:00+00:00,2023-02-25T15:00:00+05:30,pm25,73,µg/m³,28.63576,77.22445
8118,US Diplomatic Post: New Delhi,Delhi,IN,2023-02-25T08:30:00+00:00,2023-02-25T14:00:00+05:30,pm25,76,µg/m³,28.63576,77.22445
8118,US Diplomatic Post: New Delhi,Delhi,IN,2023-02-25T07:30:00+00:00,2023-02-25T13:00:00+05:30,pm25,73,µg/m³,28.63576,77.22445
8118,US Diplomatic Post: New Delhi,Delhi,IN,2023-02-25T06:30:00+00:00,2023-02-25T12:00:00+05:30,pm25,82,µg/m³,28.63576,77.22445
8118,US Diplomatic Post: New Delhi,Delhi,IN,2023-02-25T05:30:00+00:00,2023-02-25T11:00:00+05:30,pm25,96,µg/m³,28.63576,77.22445
8118,US Diplomatic Post: New Delhi,Delhi,IN,2023-02-25T04:30:00+00:00,2023-02-25T10:00:00+05:30,pm25,99,µg/m³,28.63576,77.22445
8118,US Diplomatic Post: New Delhi,Delhi,IN,2023-02-25T03:30:00+00:00,2023-02-25T09:00:00+05:30,pm25,109,µg/m³,28.63576,77.22445
8118,US Diplomatic Post: New Delhi,Delhi,IN,2023-02-25T02:30:00+00:00,2023-02-25T08:00:00+05:30,pm25,117,µg/m³,28.63576,77.22445
8118,US Diplomatic Post: New Delhi,Delhi,IN,2023-02-25T01:30:00+00:00,2023-02-25T07:00:00+05:30,pm25,129,µg/m³,28.63576,77.22445
8118,US Diplomatic Post: New Delhi,Delhi,IN,2023-02-25T00:30:00+00:00,2023-02-25T06:00:00+05:30,pm25,116,µg/m³,28.63576,77.22445
8118,US Diplomatic Post: New Delhi,Delhi,IN,2023-02-24T23:30:00+00:00,2023-02-25T05:00:00+05:30,pm25,123,µg/m³,28.63576,77.22445
8118,US Diplomatic Post: New Delhi,Delhi,IN,2023-02-24T22:30:00+00:00,2023-02-25T04:00:00+05:30,pm25,128,µg/m³,28.63576,77.22445
8118,US Diplomatic Post: New Delhi,Delhi,IN,2023-02-24T21:30:00+00:00,2023-02-25T03:00:00+05:30,pm25,122,µg/m³,28.63576,77.22445
8118,US Diplomatic Post: New Delhi,Delhi,IN,2023-02-24T20:30:00+00:00,2023-02-25T02:00:00+05:30,pm25,124,µg/m³,28.63576,77.22445
8118,US Diplomatic Post: New Delhi,Delhi,IN,2023-02-24T19:30:00+00:00,2023-02-25T01:00:00+05:30,pm25,134,µg/m³,28.63576,77.22445
8118,US Diplomatic Post: New Delhi,Delhi,IN,2023-02-24T18:30:00+00:00,2023-02-25T00:00:00+05:30,pm25,113,µg/m³,28.63576,77.22445
8118,US Diplomatic Post: New Delhi,Delhi,IN,2023-02-24T17:30:00+00:00,2023-02-24T23:00:00+05:30,pm25,101,µg/m³,28.63576,77.22445
8118,US Diplomatic Post: New Delhi,Delhi,IN,2023-02-24T16:30:00+00:00,2023-02-24T22:00:00+05:30,pm25,90,µg/m³,28.63576,77.22445
8118,US Diplomatic Post: New Delhi,Delhi,IN,2023-02-24T15:30:00+00:00,2023-02-24T21:00:00+05:30,pm25,82,µg/m³,28.63576,77.22445
8118,US Diplomatic Post: New Delhi,Delhi,IN,2023-02-24T14:30:00+00:00,2023-02-24T20:00:00+05:30,pm25,68,µg/m³,28.63576,77.22445
8118,US Diplomatic Post: New Delhi,Delhi,IN,2023-02-24T13:30:00+00:00,2023-02-24T19:00:00+05:30,pm25,57,µg/m³,28.63576,77.22445
8118,US Diplomatic Post: New Delhi,Delhi,IN,2023-02-24T12:30:00+00:00,2023-02-24T18:00:00+05:30,pm25,44,µg/m³,28.63576,77.22445
8118,US Diplomatic Post: New Delhi,Delhi,IN,2023-02-24T11:30:00+00:00,2023-02-24T17:00:00+05:30,pm25,43,µg/m³,28.63576,77.22445
8118,US Diplomatic Post: New Delhi,Delhi,IN,2023-02-24T10:30:00+00:00,2023-02-24T16:00:00+05:30,pm25,42,µg/m³,28.63576,77.22445
8118,US Diplomatic Post: New Delhi,Delhi,IN,2023-02-24T09:30:00+00:00,2023-02-24T15:00:00+05:30,pm25,49,µg/m³,28.63576,77.22445
8118,US Diplomatic Post: New Delhi,Delhi,IN,2023-02-24T08:30:00+00:00,2023-02-24T14:00:00+05:30,pm25,42,µg/m³,28.63576,77.22445
8118,US Diplomatic Post: New Delhi,Delhi,IN,2023-02-24T07:30:00+00:00,2023-02-24T13:00:00+05:30,pm25,58,µg/m³,28.63576,77.22445
8118,US Diplomatic Post: New Delhi,Delhi,IN,2023-02-24T06:30:00+00:00,2023-02-24T12:00:00+05:30,pm25,69,µg/m³,28.63576,77.22445
8118,US Diplomatic Post: New Delhi,Delhi,IN,2023-02-24T05:30:00+00:00,2023-02-24T11:00:00+05:30,pm25,85,µg/m³,28.63576,77.22445
8118,US Diplomatic Post: New Delhi,Delhi,IN,2023-02-24T04:30:00+00:00,2023-02-24T10:00:00+05:30,pm25,90,µg/m³,28.63576,77.22445
8118,US Diplomatic Post: New Delhi,Delhi,IN,2023-02-24T03:30:00+00:00,2023-02-24T09:00:00+05:30,pm25,101,µg/m³,28.63576,77.22445
8118,US Diplomatic Post: New Delhi,Delhi,IN,2023-02-24T02:30:00+00:00,2023-02-24T08:00:00+05:30,pm25,109,µg/m³,28.63576,77.22445
8118,US Diplomatic Post: New Delhi,Delhi,IN,2023-02-24T01:30:00+00:00,2023-02-24T07:00:00+05:30,pm25,111,µg/m³,28.63576,77.22445
8118,US Diplomatic Post: New Delhi,Delhi,IN,2023-02-24T00:30:00+00:00,2023-02-24T06:00:00+05:30,pm25,-999,µg/m³,28.63576,77.22445
8118,US Diplomatic Post: New Delhi,Delhi,IN,2023-02-23T23:30:00+00:00,2023-02-24T05:00:00+05:30,pm25,90,µg/m³,28.63576,77.22445
8118,US Diplomatic Post: New Delhi,Delhi,IN,2023-02-23T22:30:00+00:00,2023-02-24T04:00:00+05:30,pm25,109,µg/m³,28.63576,77.22445
8118,US Diplomatic Post: New Delhi,Delhi,IN,2023-02-23T21:30:00+00:00,2023-02-24T03:00:00+05:30,pm25,75,µg/m³,28.63576,77.22445
8118,US Diplomatic Post: New Delhi,Delhi,IN,2023-02-23T20:30:00+00:00,2023-02-24T02:00:00+05:30,pm25,64,µg/m³,28.63576,77.22445
8118,US Diplomatic Post: New Delhi,Delhi,IN,2023-02-23T19:30:00+00:00,2023-02-24T01:00:00+05:30,pm25,78,µg/m³,28.63576,77.22445
8118,US Diplomatic Post: New Delhi,Delhi,IN,2023-02-23T18:30:00+00:00,2023-02-24T00:00:00+05:30,pm25,86,µg/m³,28.63576,77.22445
8118,US Diplomatic Post: New Delhi,Delhi,IN,2023-02-23T17:30:00+00:00,2023-02-23T23:00:00+05:30,pm25,98,µg/m³,28.63576,77.22445
8118,US Diplomatic Post: New Delhi,Delhi,IN,2023-02-23T16:30:00+00:00,2023-02-23T22:00:00+05:30,pm25,78,µg/m³,28.63576,77.22445
8118,US Diplomatic Post: New Delhi,Delhi,IN,2023-02-23T15:30:00+00:00,2023-02-23T21:00:00+05:30,pm25,70,µg/m³,28.63576,77.22445
8118,US Diplomatic Post: New Delhi,Delhi,IN,2023-02-23T14:30:00+00:00,2023-02-23T20:00:00+05:30,pm25,53,µg/m³,28.63576,77.22445
8118,US Diplomatic Post: New Delhi,Delhi,IN,2023-02-23T13:30:00+00:00,2023-02-23T19:00:00+05:30,pm25,49,µg/m³,28.63576,77.22445
8118,US Diplomatic Post: New Delhi,Delhi,IN,2023-02-23T12:30:00+00:00,2023-02-23T18:00:00+05:30,pm25,31,µg/m³,28.63576,77.22445
8118,US Diplomatic Post: New Delhi,Delhi,IN,2023-02-23T11:30:00+00:00,2023-02-23T17:00:00+05:30,pm25,31,µg/m³,28.63576,77.22445
8118,US Diplomatic Post: New Delhi,Delhi,IN,2023-02-23T10:30:00+00:00,2023-02-23T16:00:00+05:30,pm25,25,µg/m³,28.63576,77.22445
8118,US Diplomatic Post: New Delhi,Delhi,IN,2023-02-23T09:30:00+00:00,2023-02-23T15:00:00+05:30,pm25,26,µg/m³,28.63576,77.22445
8118,US Diplomatic Post: New Delhi,Delhi,IN,2023-02-23T08:30:00+00:00,2023-02-23T14:00:00+05:30,pm25,22,µg/m³,28.63576,77.22445
8118,US Diplomatic Post: New Delhi,Delhi,IN,2023-02-23T07:30:00+00:00,2023-02-23T13:00:00+05:30,pm25,36,µg/m³,28.63576,77.22445
8118,US Diplomatic Post: New Delhi,Delhi,IN,2023-02-23T06:30:00+00:00,2023-02-23T12:00:00+05:30,pm25,48,µg/m³,28.63576,77.22445
8118,US Diplomatic Post: New Delhi,Delhi,IN,2023-02-23T05:30:00+00:00,2023-02-23T11:00:00+05:30,pm25,77,µg/m³,28.63576,77.22445
8118,US Diplomatic Post: New Delhi,Delhi,IN,2023-02-23T04:30:00+00:00,2023-02-23T10:00:00+05:30,pm25,76,µg/m³,28.63576,77.22445
8118,US Diplomatic Post: New Delhi,Delhi,IN,2023-02-23T03:30:00+00:00,2023-02-23T09:00:00+05:30,pm25,102,µg/m³,28.63576,77.22445
8118,US Diplomatic Post: New Delhi,Delhi,IN,2023-02-23T02:30:00+00:00,2023-02-23T08:00:00+05:30,pm25,98,µg/m³,28.63576,77.22445
8118,US Diplomatic Post: New Delhi,Delhi,IN,2023-02-23T01:30:00+00:00,2023-02-23T07:00:00+05:30,pm25,100,µg/m³,28.63576,77.22445
8118,US Diplomatic Post: New Delhi,Delhi,IN,2023-02-23T00:30:00+00:00,2023-02-23T06:00:00+05:30,pm25,100,µg/m³,28.63576,77.22445
8118,US Diplomatic Post: New Delhi,Delhi,IN,2023-02-22T23:30:00+00:00,2023-02-23T05:00:00+05:30,pm25,113,µg/m³,28.63576,77.22445
8118,US Diplomatic Post: New Delhi,Delhi,IN,2023-02-22T22:30:00+00:00,2023-02-23T04:00:00+05:30,pm25,117,µg/m³,28.63576,77.22445
8118,US Diplomatic Post: New Delhi,Delhi,IN,2023-02-22T21:30:00+00:00,2023-02-23T03:00:00+05:30,pm25,131,µg/m³,28.63576,77.22445
8118,US Diplomatic Post: New Delhi,Delhi,IN,2023-02-22T20:30:00+00:00,2023-02-23T02:00:00+05:30,pm25,145,µg/m³,28.63576,77.22445
8118,US Diplomatic Post: New Delhi,Delhi,IN,2023-02-22T19:30:00+00:00,2023-02-23T01:00:00+05:30,pm25,141,µg/m³,28.63576,77.22445
8118,US Diplomatic Post: New Delhi,Delhi,IN,2023-02-22T18:30:00+00:00,2023-02-23T00:00:00+05:30,pm25,138,µg/m³,28.63576,77.22445
8118,US Diplomatic Post: New Delhi,Delhi,IN,2023-02-22T17:30:00+00:00,2023-02-22T23:00:00+05:30,pm25,129,µg/m³,28.63576,77.22445
8118,US Diplomatic Post: New Delhi,Delhi,IN,2023-02-22T16:30:00+00:00,2023-02-22T22:00:00+05:30,pm25,120,µg/m³,28.63576,77.22445
8118,US Diplomatic Post: New Delhi,Delhi,IN,2023-02-22T15:30:00+00:00,2023-02-22T21:00:00+05:30,pm25,99,µg/m³,28.63576,77.22445
8118,US Diplomatic Post: New Delhi,Delhi,IN,2023-02-22T14:30:00+00:00,2023-02-22T20:00:00+05:30,pm25,76,µg/m³,28.63576,77.22445
8118,US Diplomatic Post: New Delhi,Delhi,IN,2023-02-22T13:30:00+00:00,2023-02-22T19:00:00+05:30,pm25,84,µg/m³,28.63576,77.22445
8118,US Diplomatic Post: New Delhi,Delhi,IN,2023-02-22T12:30:00+00:00,2023-02-22T18:00:00+05:30,pm25,94,µg/m³,28.63576,77.22445
8118,US Diplomatic Post: New Delhi,Delhi,IN,2023-02-22T11:30:00+00:00,2023-02-22T17:00:00+05:30,pm25,61,µg/m³,28.63576,77.22445
8118,US Diplomatic Post: New Delhi,Delhi,IN,2023-02-22T10:30:00+00:00,2023-02-22T16:00:00+05:30,pm25,91,µg/m³,28.63576,77.22445
8118,US Diplomatic Post: New Delhi,Delhi,IN,2023-02-22T09:30:00+00:00,2023-02-22T15:00:00+05:30,pm25,117,µg/m³,28.63576,77.22445
8118,US Diplomatic Post: New Delhi,Delhi,IN,2023-02-22T08:30:00+00:00,2023-02-22T14:00:00+05:30,pm25,153,µg/m³,28.63576,77.22445
8118,US Diplomatic Post: New Delhi,Delhi,IN,2023-02-22T07:30:00+00:00,2023-02-22T13:00:00+05:30,pm25,159,µg/m³,28.63576,77.22445
8118,US Diplomatic Post: New Delhi,Delhi,IN,2023-02-22T06:30:00+00:00,2023-02-22T12:00:00+05:30,pm25,158,µg/m³,28.63576,77.22445
8118,US Diplomatic Post: New Delhi,Delhi,IN,2023-02-22T05:30:00+00:00,2023-02-22T11:00:00+05:30,pm25,146,µg/m³,28.63576,77.22445
8118,US Diplomatic Post: New Delhi,Delhi,IN,2023-02-22T04:30:00+00:00,2023-02-22T10:00:00+05:30,pm25,144,µg/m³,28.63576,77.22445
8118,US Diplomatic Post: New Delhi,Delhi,IN,2023-02-22T03:30:00+00:00,2023-02-22T09:00:00+05:30,pm25,143,µg/m³,28.63576,77.22445
8118,US Diplomatic Post: New Delhi,Delhi,IN,2023-02-22T02:30:00+00:00,2023-02-22T08:00:00+05:30,pm25,168,µg/m³,28.63576,77.22445
8118,US Diplomatic Post: New Delhi,Delhi,IN,2023-02-22T01:30:00+00:00,2023-02-22T07:00:00+05:30,pm25,171,µg/m³,28.63576,77.22445
8118,US Diplomatic Post: New Delhi,Delhi,IN,2023-02-22T00:30:00+00:00,2023-02-22T06:00:00+05:30,pm25,173,µg/m³,28.63576,77.22445
